{
  "feature_names": [
    "genre_score",
    "mood_score",
    "tempo_score",
    "energy_score",
    "acoustic_score",
    "valence_score",
    "danceability_score"
  ],
  "means": [
    0.5625,
    0.7111327245292457,
    0.6203124999999999,
    0.75,
    0.67125,
    0.87,
    0.8837499999999999
  ],
  "scales": [
    0.4470388685561916,
    0.2952730655619212,
    0.3693817416897457,
    0.26953663943887113,
    0.3274308133025968,
    0.12884098726725127,
    0.11693347467684351
  ],
  "coefficients": [
    0.43903174215599094,
    0.4586873341254348,
    0.43420760130069835,
    0.47005638377837755,
    0.4681269904308156,
    0.3729075169520709,
    0.2695609407466486
  ],
  "intercept": 1.0072818628495523,
  "test_accuracy": null,
  "training_examples": 8,
  "profile_id": "alex"
}