{
  "feature_names": [
    "genre_score",
    "mood_score",
    "tempo_score",
    "energy_score",
    "acoustic_score",
    "valence_score",
    "danceability_score"
  ],
  "means": [
    0.3125,
    0.5901631303059269,
    0.40937500000000004,
    0.6825,
    0.6200000000000001,
    0.8,
    0.83
  ],
  "scales": [
    0.41060169264142105,
    0.30736972534825563,
    0.4064783012351336,
    0.3027271874146754,
    0.26353367906208874,
    0.08874119674649424,
    0.11543396380615195
  ],
  "coefficients": [
    0.7963139678111463,
    0.23620205356955531,
    0.3865474604758427,
    0.5461861802133966,
    0.6257409747262284,
    -0.1365034249998283,
    -0.11744524190237199
  ],
  "intercept": 1.066114366230287,
  "test_accuracy": null,
  "training_examples": 8,
  "profile_id": "jordan"
}