{
  "feature_names": [
    "genre_score",
    "mood_score",
    "tempo_score",
    "energy_score",
    "acoustic_score",
    "valence_score",
    "danceability_score"
  ],
  "means": [
    0.4375,
    0.6646420028214365,
    0.5984375000000001,
    0.7099999999999999,
    0.6612499999999999,
    0.8375,
    0.80375
  ],
  "scales": [
    0.4470388685561916,
    0.30311383119563157,
    0.35556059939727575,
    0.3002498959200486,
    0.3020528720273985,
    0.20656415468323636,
    0.22715289454462165
  ],
  "coefficients": [
    0.36974568050469003,
    0.47082399079511966,
    0.4465410170635547,
    0.47775112047840895,
    0.5066673235726022,
    0.2824612583054715,
    0.40547009710203047
  ],
  "intercept": 0.8947557079235706,
  "test_accuracy": null,
  "training_examples": 8,
  "profile_id": "maya"
}