{
  "feature_names": [
    "genre_score",
    "mood_score",
    "tempo_score",
    "energy_score",
    "acoustic_score",
    "valence_score",
    "danceability_score"
  ],
  "means": [
    0.5428571428571428,
    0.7943513102222198,
    0.7517857142857143,
    0.84,
    0.8085714285714285,
    0.9342857142857143,
    0.8942857142857144
  ],
  "scales": [
    0.47466422073817577,
    0.19906383754249846,
    0.310704022819014,
    0.2407725660689535,
    0.24044177028536282,
    0.05368084065158839,
    0.1983400501920983
  ],
  "coefficients": [
    0.9918272652223339,
    -0.20108908362734934,
    0.019509991303758707,
    0.12835096505643043,
    0.2697622314241321,
    0.70147656375402,
    0.17526066782736785
  ],
  "intercept": 0.42597213170283754,
  "test_accuracy": 1.0,
  "training_examples": 10,
  "profile_id": "maya"
}