{
  "feature_names": [
    "genre_score",
    "mood_score",
    "tempo_score",
    "energy_score",
    "acoustic_score",
    "valence_score",
    "danceability_score"
  ],
  "means": [
    0.3125,
    0.4367257333402384,
    0.503125,
    0.6837500000000001,
    0.5075000000000001,
    0.52375,
    0.6849999999999999
  ],
  "scales": [
    0.41060169264142105,
    0.25865821671549444,
    0.3945799784264275,
    0.320621954176566,
    0.2737128970289855,
    0.2111242229115361,
    0.2073041244162788
  ],
  "coefficients": [
    0.9346829764745734,
    0.05192024091925671,
    0.08600915631230958,
    -0.1454061917538872,
    0.2120953486959003,
    0.708906100286563,
    0.5266223543901182
  ],
  "intercept": 0.8812696478594584,
  "test_accuracy": null,
  "training_examples": 8,
  "profile_id": "riley"
}