{
  "feature_names": [
    "genre_score",
    "mood_score",
    "tempo_score",
    "energy_score",
    "acoustic_score",
    "valence_score",
    "danceability_score"
  ],
  "means": [
    0.3875,
    0.625791031956472,
    0.5234375,
    0.72375,
    0.67875,
    0.8025,
    0.78625
  ],
  "scales": [
    0.4013648589500581,
    0.31052108024623565,
    0.3761668045478628,
    0.2711520560497375,
    0.28659368014664943,
    0.24953707139421186,
    0.23732559385788965
  ],
  "coefficients": [
    0.2960644974055024,
    0.432632984284502,
    0.44524636746645513,
    0.45667999306671325,
    0.45793375270969394,
    0.3875137919223352,
    0.4781692297552989
  ],
  "intercept": 0.9840863750980793,
  "test_accuracy": null,
  "training_examples": 8,
  "profile_id": "sam"
}