{
  "feature_names": [
    "genre_score",
    "mood_score",
    "tempo_score",
    "energy_score",
    "acoustic_score",
    "valence_score",
    "danceability_score"
  ],
  "means": [
    0.5428571428571428,
    0.8761468096494778,
    0.7874999999999999,
    0.8785714285714287,
    0.7885714285714286,
    0.9285714285714286,
    0.8985714285714287
  ],
  "scales": [
    0.47466422073817577,
    0.21904976192787953,
    0.32671252107712584,
    0.23721169396786074,
    0.23036793994629992,
    0.04611432111876849,
    0.20024474820497407
  ],
  "coefficients": [
    1.0793721703993568,
    0.38258358978339424,
    0.35813454984215637,
    0.11845058583779793,
    0.02556728803184218,
    -0.3907378242280364,
    0.12323808609883972
  ],
  "intercept": 0.3744452322063264,
  "test_accuracy": 0.3333333333333333,
  "training_examples": 10,
  "profile_id": "sam"
}