{
  "feature_names": [
    "genre_score",
    "mood_score",
    "tempo_score",
    "energy_score",
    "acoustic_score",
    "valence_score",
    "danceability_score"
  ],
  "means": [
    0.4233333333333333,
    0.6218091138700388,
    0.5216666666666667,
    0.7086666666666667,
    0.6553333333333333,
    0.778,
    0.8176666666666665
  ],
  "scales": [
    0.43411468018895133,
    0.2933430366800134,
    0.38484213935355654,
    0.2884987964542583,
    0.2960938289724316,
    0.20531926358722405,
    0.18077026549985728
  ],
  "coefficients": [
    1.024515758652871,
    0.6075104391462084,
    0.1715817236587923,
    0.3991129739756037,
    1.1463377009382316,
    0.3606693946194585,
    0.6433524510113243
  ],
  "intercept": 1.7993319242251842,
  "test_accuracy": 0.8,
  "training_examples": 40
}